Star,T_eff [K],Log L/L_sun,log g
Alpha Ori,3650.0,5.097908547456639,-0.5
Alpha Sco,3660.0,4.871832016957403,-0.15
VY CMa,3490.0,5.755712539135477,-0.6
